Area,Year,Average dietary energy requirement (kcal/cap/day),Average dietary energy supply adequacy (percent) (3-year average),Average fat supply (g/cap/day) (3-year average),Average protein supply (g/cap/day) (3-year average),Average supply of protein of animal origin (g/cap/day) (3-year average),Average value of food production (constant 2004-2006 I$/cap) (3-year average),Cereal import dependency ratio (percent) (3-year average),Coefficient of variation of habitual caloric consumption distribution (real number),Dietary energy supply used in the estimation of prevalence of undernourishment (kcal/cap/day) (3-year average),"Gross domestic product per capita, PPP, dissemination (constant 2011 international $)",Incidence of caloric losses at retail distribution level (percent),Minimum dietary energy requirement  (kcal/cap/day),Number of children under 5 years affected by wasting (million),Number of children under 5 years of age who are overweight (modeled estimates) (million),Number of children under 5 years of age who are stunted (modeled estimates) (million),Number of moderately or severely food insecure people (million) (3-year average),Number of newborns with low birthweight (million),Number of obese adults (18 years and older) (million),Number of people undernourished (million) (3-year average),Number of severely food insecure people (million) (3-year average),Number of women of reproductive age (15-49 years) affected by anemia (million),Per capita food production variability (constant 2004-2006 thousand int$ per capita),Per capita food supply variability (kcal/cap/day),Percent of arable land equipped for irrigation (percent) (3-year average),Percentage of children under 5 years affected by wasting (percent),Percentage of children under 5 years of age who are overweight (modelled estimates) (percent),Percentage of children under 5 years of age who are stunted (modelled estimates) (percent),Percentage of population using at least basic drinking water services (percent),Percentage of population using at least basic sanitation services (percent),Percentage of population using safely managed drinking water services (Percent),Percentage of population using safely managed sanitation services (Percent),Political stability and absence of violence/terrorism (index),Prevalence of anemia among women of reproductive age (15-49 years),Prevalence of exclusive breastfeeding among infants 0-5 months of age,Prevalence of low birthweight (percent),Prevalence of moderate or severe food insecurity in the total population (percent) (3-year average),Prevalence of obesity in the adult population (18 years and older),Prevalence of severe food insecurity in the total population (percent) (3-year average),Prevalence of undernourishment (percent) (3-year average),Rail lines density (total route in km per 100 square km of land area),"Share of dietary energy supply derived from cereals, roots and tubers (kcal/cap/day) (3-year average)",Value of food imports in total merchandise exports (percent) (3-year average),"Consumer Prices, Food Indices (2015 = 100)","Consumer Prices, General Indices (2015 = 100)",Food price inflation
Brunei Darussalam,2000,2323.0,,,,,,,0.21,,69022.9,3.13,1802.0,,0.1,0.1,,0.7,,,,,,51.0,,,6.2,20.9,99.0,,,,1.3,17.1,,10.3,,7.2,,,,,,89.31218899999999,95.14298200000002,
Brunei Darussalam,2001,2329.0,123.0,75.7,87.4,45.4,81.0,100.0,0.21,2859.0,69483.9,3.29,1806.0,,0.1,0.1,,0.7,,0.1,,,7.5,63.0,50.0,,6.4,21.0,99.0,,,,,16.6,,9.5,,7.5,,2.6,,50.0,5.0,89.91182149999999,95.70993016666664,0.671642
Brunei Darussalam,2002,2337.0,125.0,78.7,89.7,47.7,85.0,99.6,0.21,2923.0,70771.6,3.16,1812.0,,0.1,0.1,,0.6,,0.0,,,6.9,31.0,50.0,,6.6,21.0,99.0,,,,1.16,16.3,,9.2,,7.9,,2.5,,48.0,4.0,90.28605766666668,93.49427166666668,0.4162976666666667
Brunei Darussalam,2003,2345.0,127.0,81.7,90.3,48.3,86.0,95.7,0.21,2971.0,71483.2,3.17,1817.0,,0.1,0.1,,0.6,,0.0,,,6.7,40.0,50.0,,6.8,20.9,99.0,,,,1.15,16.0,,9.1,,8.2,,2.5,,47.0,4.0,90.03375899999999,93.74358966666667,-0.27912608333333333
Brunei Darussalam,2004,2352.0,127.0,81.0,88.6,47.3,76.0,93.8,0.21,2996.0,70616.6,3.22,1822.0,,0.1,0.1,,0.6,,0.0,,,4.2,59.0,50.0,,7.0,20.7,99.0,,,,1.37,15.7,,9.2,,8.6,,2.5,,46.0,4.0,90.48588699999999,94.53049983333334,0.5037815833333333
Brunei Darussalam,2005,2360.0,127.0,79.3,87.3,47.0,79.0,98.1,0.21,3006.0,69787.8,3.18,1827.0,,0.1,0.1,,0.6,,0.0,,,6.4,65.0,50.0,,7.1,20.5,99.0,,,,1.21,15.5,,9.5,,9.0,,2.5,,47.0,3.0,91.39391066666667,95.71874583333334,1.0049734166666666
Brunei Darussalam,2006,2365.0,126.0,78.7,85.0,45.7,84.0,91.1,0.21,2990.0,71843.5,3.04,1831.0,,0.1,0.1,,0.6,,0.0,,,18.3,39.0,42.9,,7.3,20.2,99.0,,,,1.12,15.5,,9.9,,9.4,,2.5,,47.0,3.0,91.74807783333331,95.8654059166667,0.3875989166666667
Brunei Darussalam,2007,2372.0,126.0,79.4,84.7,46.0,98.0,87.6,0.21,2981.0,71051.7,3.03,1835.0,,0.1,0.1,,0.7,,0.0,,,17.2,22.0,37.5,,7.5,19.8,99.0,96.3,,,1.11,15.4,,10.4,,9.8,,2.5,,46.0,3.0,92.94998475000001,96.79159549999999,1.3095505
Brunei Darussalam,2008,2378.0,125.0,80.0,83.7,45.3,99.0,83.5,0.21,2967.0,68856.2,3.12,1840.0,,0.1,0.1,,0.7,,0.0,,,14.6,37.0,30.0,,7.7,19.3,99.0,96.3,,,1.13,15.2,,10.9,,10.2,,2.5,,45.0,3.0,96.40876408333334,98.81056108333333,3.7160902500000006
Brunei Darussalam,2009,2384.0,125.0,80.3,84.3,45.7,101.0,90.9,0.21,2976.0,66851.1,3.05,1843.0,0.1,0.1,0.1,,0.7,,0.0,,,13.5,44.0,27.3,2.9,7.9,18.8,99.0,96.3,,,1.39,15.0,,11.4,,10.7,,2.5,,45.0,3.0,99.14245941666668,99.83239858333332,2.8541022500000004
Brunei Darussalam,2010,2388.0,125.0,80.3,85.0,46.3,104.0,89.3,0.21,2998.0,67753.4,3.05,1846.0,,0.1,0.1,,0.8,,0.0,,,13.2,42.0,25.0,,8.1,18.4,99.0,96.3,,,1.28,14.9,,11.8,,11.1,,2.5,,45.0,3.0,99.21583650000001,100.05916750000002,0.07424916666666667
Brunei Darussalam,2011,2393.0,127.0,81.3,87.4,48.4,108.0,100.0,0.21,3031.0,69388.8,3.01,1849.0,,0.1,0.1,,0.8,,0.0,,,3.6,35.0,25.0,,8.3,17.9,99.0,96.3,,,1.09,14.8,,12.1,,11.6,,2.5,,45.0,3.0,99.22505816666667,100.19716058333334,0.009298833333333334
Brunei Darussalam,2012,2394.0,128.0,82.0,90.0,50.4,113.0,100.0,0.21,3064.0,69090.3,3.08,1850.0,,0.1,0.1,,0.8,,0.0,,,3.1,18.0,23.1,,8.4,17.5,99.0,96.3,,,0.91,14.8,,12.1,,12.1,,2.5,,45.0,3.0,99.22359833333333,100.30914741666668,-0.0015004166666666666
Brunei Darussalam,2013,2395.0,129.0,54.3,60.6,34.1,116.0,,0.21,3083.0,66715.7,3.19,1851.0,,0.1,0.1,,0.8,,0.0,,,2.3,25.0,21.4,,8.6,16.9,99.0,96.3,,,1.07,14.8,,12.0,,12.6,,2.5,,30.0,4.0,99.32808341666667,100.69955566666668,0.10574416666666665
Brunei Darussalam,2014,2396.0,129.0,27.0,30.6,17.1,118.0,,0.21,3095.0,64190.8,3.19,1852.0,,0.1,0.1,,0.8,,0.0,,,3.9,30.0,20.0,,8.7,16.3,99.0,96.3,,,1.26,14.9,,11.5,,13.1,,2.5,,15.0,5.0,99.10505825,100.49099808333331,-0.22458291666666666
Brunei Darussalam,2015,2397.0,129.0,,,,117.0,,0.21,3099.0,63147.5,3.19,1853.0,,0.1,0.1,0.0,0.7,,0.0,0.0,,3.7,26.0,20.0,,8.9,15.7,99.0,96.3,,,1.24,15.1,,10.8,0.0,13.6,0.0,2.5,,,6.0,100.00077550000002,100.00025283333332,0.9061280833333334
Brunei Darussalam,2016,2396.0,129.0,,,,78.0,,0.21,3099.0,60867.3,3.19,1852.0,,0.1,0.1,0.0,,,0.0,0.0,,2.7,9.0,20.0,,9.0,15.0,99.0,,,,1.15,15.4,,,0.0,14.1,0.0,2.5,,,7.0,99.4878589166667,99.72155874999999,-0.509942
Brunei Darussalam,2017,2398.0,129.0,,,,38.0,,0.21,3101.0,60994.5,3.19,1854.0,,0.1,0.1,0.0,,,0.0,0.0,,2.4,6.0,20.0,,9.1,14.3,99.0,,,,1.16,15.7,,,0.0,,0.0,2.5,,,7.0,99.76254100000001,98.46456308333332,0.280608
Brunei Darussalam,2018,2402.0,129.0,,,,,,0.21,3106.0,60389.2,3.19,1858.0,,0.1,0.1,0.0,,,0.0,0.0,,,11.0,,,9.1,13.7,99.0,,,,1.25,16.2,,,0.0,,0.0,2.5,,,6.0,101.66450108333332,99.47387575,1.9140986666666662
Brunei Darussalam,2019,2406.0,129.0,,,,,,0.21,3114.0,62098.0,3.19,1860.0,,0.1,0.1,0.0,,,0.0,0.0,,,11.0,,,9.2,13.2,99.0,,,,1.17,16.7,,,0.0,,0.0,2.5,,,,100.95014375000001,99.08540849999999,-0.7024511666666666
Brunei Darussalam,2020,2408.0,,,,,,,0.21,,62243.6,3.19,1862.0,,0.1,0.1,,,,,,,,,,,9.3,12.7,99.0,,,,,,,,,,,,,,,103.48012225000001,101.00798225,2.509169583333333
Cambodia,2000,2155.0,,,,,,,0.27,,1481.7,2.78,1692.0,0.3,0.1,0.8,,52.4,0.1,,,1.7,,77.0,,17.1,3.2,51.1,52.6,9.8,17.0,,-0.78,53.9,10.8,15.4,,1.5,,,0.3,,,36.10881783333333,51.938864833333334,
Cambodia,2001,2169.0,101.0,30.0,53.4,15.4,145.0,3.9,0.27,2196.0,1570.1,2.89,1700.0,,0.1,0.8,,50.9,0.1,2.9,,1.7,5.0,53.0,7.7,,3.1,49.8,54.2,12.3,17.5,,,52.8,,15.1,,1.6,,23.6,0.3,76.0,7.0,38.818498749999996,51.60293158333334,7.617519666666666
Cambodia,2002,2180.0,103.0,31.0,54.3,15.6,150.0,3.5,0.27,2245.0,1642.6,2.72,1707.0,,0.1,0.7,,49.7,0.1,2.7,,1.7,5.8,65.0,7.8,,3.0,48.6,55.8,15.0,18.0,,-0.73,51.8,,14.7,,1.7,,21.2,0.3,74.0,6.0,39.83047133333333,51.712054583333334,2.633175
Cambodia,2003,2190.0,104.0,31.7,53.3,14.3,151.0,3.3,0.26,2280.0,1752.0,2.81,1713.0,,0.1,0.7,,48.8,0.1,2.5,,1.7,11.4,65.0,8.0,,2.9,47.3,57.4,17.8,18.4,,-0.65,50.9,,14.4,,1.8,,19.4,0.4,73.0,5.0,40.375958499999996,52.19905074999999,1.4036868333333334
Cambodia,2004,2199.0,105.0,32.7,54.3,14.0,168.0,2.6,0.26,2302.0,1902.1,2.74,1718.0,,0.1,0.7,,48.2,0.1,2.4,,1.7,11.2,49.0,8.6,,2.8,46.1,59.1,20.5,18.9,,-0.41,50.0,,14.1,,1.9,,18.5,0.4,72.0,6.0,43.55421175000001,54.45370375000001,7.862858166666666
Cambodia,2005,2208.0,106.0,34.0,56.7,15.4,182.0,1.8,0.26,2341.0,2120.6,2.83,1723.0,0.1,0.1,0.7,,48.0,0.1,2.3,,1.7,11.2,34.0,9.0,8.5,2.7,44.8,60.3,23.3,19.4,,-0.4,49.2,60.0,13.8,,2.0,,17.0,,72.0,8.0,47.720583000000005,58.055957250000006,9.584247416666667
Cambodia,2006,2217.0,107.0,35.0,59.7,17.0,201.0,1.2,0.26,2377.0,2313.3,2.96,1728.0,,0.1,0.7,,47.8,0.2,2.1,,1.8,11.9,24.0,9.5,,2.6,43.5,61.2,26.1,19.9,,-0.35,48.3,,13.6,,2.2,,15.6,,72.0,10.0,51.38666741666666,61.4294065,7.812020749999999
Cambodia,2007,2225.0,108.0,35.3,60.7,17.7,213.0,-0.8,0.26,2400.0,2511.9,2.93,1732.0,,0.1,0.7,,47.8,0.2,2.0,,1.8,15.2,19.0,9.6,,2.5,42.1,62.1,29.0,20.3,,-0.36,47.6,,13.4,,2.3,,14.8,,72.0,11.0,58.53134416666668,66.77918758333334,13.78019725
Cambodia,2008,2231.0,108.0,34.7,61.0,17.7,222.0,-1.3,0.26,2412.0,2640.6,2.91,1736.0,0.1,0.1,0.7,,47.6,0.2,2.0,,1.8,14.1,14.0,9.6,9.1,2.4,40.6,63.0,31.9,20.8,,-0.3,47.0,65.9,13.2,,2.4,,14.5,,71.0,12.0,77.86229591666667,82.87086950000001,33.628242666666665
Cambodia,2009,2236.0,109.0,34.0,61.3,17.3,234.0,-2.3,0.26,2431.0,2603.6,2.96,1739.0,,0.1,0.6,,47.4,0.2,2.0,,1.8,15.1,17.0,9.5,,2.3,39.1,63.9,34.8,21.4,,-0.56,46.6,,13.0,,2.6,,13.9,,71.0,12.0,77.02883683333333,81.84184741666667,-0.7937115833333331
Cambodia,2010,2241.0,109.0,33.7,62.7,18.0,253.0,-1.3,0.26,2453.0,2716.7,2.93,1742.0,0.2,0.1,0.6,,47.1,0.2,1.9,,1.8,3.3,22.0,9.4,11.0,2.3,37.5,64.7,37.8,21.9,,-0.5,46.3,72.8,12.9,,2.7,,13.3,,71.0,10.0,80.3203775,85.11257116666668,4.34402925
Cambodia,2011,2247.0,110.0,33.3,63.3,18.0,270.0,-1.1,0.26,2476.0,2862.9,2.97,1747.0,,0.1,0.6,,46.6,0.3,1.8,,1.8,2.7,25.0,9.3,,2.2,35.9,65.5,40.9,22.5,,-0.3,46.1,,12.7,,2.9,,12.7,,71.0,8.0,85.52864941666667,89.77541874999999,6.474133583333334
Cambodia,2012,2251.0,111.0,34.0,64.3,18.7,281.0,-1.3,0.26,2503.0,3022.6,2.91,1751.0,,0.1,0.6,,46.1,0.3,1.8,,1.9,11.2,18.0,9.3,,2.1,34.4,66.3,43.9,23.1,,-0.1,46.1,,12.6,,3.1,,12.0,,71.0,6.0,88.23971300000001,92.40971325,3.2437319166666665
Cambodia,2013,2256.0,113.0,34.7,65.0,18.7,281.0,-2.5,0.26,2549.0,3191.9,2.9,1756.0,,0.1,0.6,,45.5,0.3,1.6,,1.9,11.4,15.0,9.3,,2.1,33.0,67.1,47.0,23.7,,-0.14,46.2,,12.4,,3.3,,10.8,,70.0,6.0,91.66408266666667,95.12806049999999,3.8704925000000006
Cambodia,2014,2260.0,115.0,35.7,65.3,18.7,279.0,-4.6,0.26,2595.0,3364.3,2.9,1759.0,0.2,0.1,0.6,,45.0,0.3,1.5,,1.9,11.0,10.0,9.2,9.7,2.1,32.0,67.8,50.0,24.2,,0.02,46.4,65.2,12.2,,3.5,,9.6,,70.0,6.0,96.144921,98.79590216666668,4.905246833333333
Cambodia,2015,2261.0,116.0,36.0,65.3,18.3,281.0,-6.3,0.26,2623.0,3546.3,2.9,1761.0,,0.1,0.6,7.6,44.6,0.4,1.4,2.6,2.0,13.1,24.0,9.1,,2.0,31.3,68.4,53.1,24.8,,0.06,46.5,,12.1,48.9,3.7,16.9,8.9,,70.0,7.0,100.01284533333332,100.00509691666666,4.0260117499999994
Cambodia,2016,2263.0,116.0,35.7,65.3,18.3,187.0,-7.4,0.26,2631.0,3733.5,2.9,1762.0,,0.1,0.5,7.2,,0.4,1.3,2.2,2.0,19.0,27.0,9.1,,2.0,30.7,69.1,56.2,25.4,,0.21,46.7,,,45.4,3.9,14.3,8.5,,69.0,10.0,105.606004,103.02439058333334,5.587769916666667
Cambodia,2017,2265.0,118.0,35.3,65.3,18.7,94.0,-7.6,0.25,2657.0,3928.4,2.9,1763.0,,0.1,0.5,7.2,,,1.2,2.2,2.0,17.7,27.0,9.1,,2.0,30.4,69.7,59.3,26.0,,0.09,46.8,,,44.9,,14.0,7.7,,69.0,12.0,109.18388800000002,106.02511558333333,3.4169260000000006
Cambodia,2018,2266.0,119.0,,,,,,0.25,2683.0,4159.3,2.9,1764.0,,0.1,0.5,7.2,,,1.1,2.2,2.1,,27.0,,,2.0,30.2,70.3,62.5,26.6,,0.11,47.0,,,44.1,,13.6,6.8,,,12.0,111.86396708333336,108.6323635,2.4547404166666666
Cambodia,2019,2268.0,120.0,,,,,,0.24,2709.0,4388.8,2.9,1765.0,,0.1,0.5,7.4,,,1.0,2.2,2.1,,26.0,,,2.0,30.0,70.8,65.6,27.2,,-0.08,47.1,,,44.8,,13.4,6.2,,,,114.18010925,110.74262849999998,2.070483249999999
Cambodia,2020,2271.0,,,,,,,0.24,,4191.9,2.9,1767.0,,0.1,0.5,,,,,,,,,,,2.1,29.9,71.2,68.8,27.8,,,,,,,,,,,,,119.48582441666667,113.99878883333334,4.644016333333334
Indonesia,2000,2265.0,,,,,,,0.27,,5689.3,3.67,1761.0,1.2,0.8,8.8,,515.9,3.5,,,19.3,,42.0,,5.5,4.0,41.5,75.3,38.0,,,-2.0,33.3,,11.2,,2.6,,,,,,27.47263975,33.26962083333333,
Indonesia,2001,2267.0,106.0,44.3,52.3,12.0,166.0,12.8,0.28,2409.0,5816.4,3.73,1763.0,1.2,0.9,8.7,,518.1,3.8,41.1,,19.1,9.1,47.0,28.4,5.4,4.2,40.7,76.3,40.2,,,,32.4,,11.1,,2.8,,19.2,,71.0,4.0,29.788411166666666,37.095665833333335,8.468477583333332
Indonesia,2002,2268.0,107.0,45.7,52.7,12.3,173.0,12.6,0.28,2421.0,5996.2,3.78,1764.0,,1.0,8.7,,521.0,4.2,41.6,,19.0,4.9,40.0,28.7,,4.4,40.0,77.2,42.4,,,-1.58,31.7,38.7,11.0,,3.0,,19.1,,70.0,4.0,33.013109750000005,41.510091666666675,10.878485416666665
Indonesia,2003,2270.0,108.0,46.7,53.3,12.7,181.0,13.3,0.28,2438.0,6198.7,3.83,1765.0,,1.0,8.6,,523.0,4.5,41.6,,18.8,2.4,33.0,27.9,,4.7,39.4,78.2,44.7,,,-2.09,30.9,,10.8,,3.2,,18.9,,69.0,5.0,33.37113183333333,44.31506083333333,1.1046665833333333
Indonesia,2004,2271.0,108.0,47.7,53.3,13.0,187.0,11.5,0.29,2446.0,6423.7,3.88,1766.0,3.2,1.1,8.6,,524.8,4.9,42.5,,18.5,4.2,20.0,27.8,14.4,4.9,38.8,79.1,47.0,,,-1.91,30.2,,10.7,,3.4,,19.1,,69.0,5.0,35.33716166666667,47.00235249999999,5.929216833333332
Indonesia,2005,2272.0,108.0,48.0,53.7,13.3,194.0,11.7,0.29,2454.0,6699.3,3.93,1767.0,,1.2,8.5,,525.5,5.2,43.5,,18.3,5.2,9.0,28.9,,5.3,38.3,80.0,49.3,,,-1.52,29.5,,10.7,,3.6,,19.2,,69.0,4.0,38.97699958333333,51.915603333333344,10.289273083333335
Indonesia,2006,2275.0,109.0,49.7,54.3,13.7,199.0,12.2,0.29,2473.0,6974.4,3.98,1769.0,,1.3,8.5,,525.5,5.6,43.5,,18.2,4.6,12.0,30.3,,5.6,37.8,80.9,51.6,,,-1.42,28.9,,10.6,,3.8,,19.0,0.2,68.0,5.0,44.76539566666667,58.72105000000001,14.993463666666663
Indonesia,2007,2277.0,110.0,50.7,55.3,14.3,207.0,11.9,0.3,2501.0,7319.4,4.04,1771.0,3.3,1.3,8.4,,525.2,6.2,42.9,,18.1,5.1,13.0,30.5,14.8,6.0,37.3,81.8,54.0,,,-1.2,28.3,31.2,10.5,,4.1,,18.5,0.3,69.0,5.0,49.667219499999995,62.483048333333336,10.969682416666666
Indonesia,2008,2279.0,112.0,51.7,56.3,14.7,213.0,10.5,0.3,2542.0,7657.6,4.09,1773.0,,1.4,8.4,,524.3,6.6,40.9,,18.0,4.0,13.0,29.5,,6.4,36.9,82.7,56.4,,,-1.06,27.7,,10.4,,4.3,,17.4,0.3,69.0,5.0,58.092161499999996,68.87298166666666,16.945852833333333
Indonesia,2009,2280.0,113.0,52.3,57.3,15.3,219.0,10.2,0.3,2583.0,7906.3,4.14,1774.0,,1.6,8.3,,523.2,7.2,36.9,,17.9,4.0,10.0,28.8,,6.8,36.3,83.6,58.8,,,-0.75,27.3,,10.4,,4.6,,15.5,,69.0,5.0,62.14838566666666,71.89403666666666,7.1088674166666665
Indonesia,2010,2281.0,116.0,53.7,59.0,16.0,224.0,13.1,0.28,2638.0,8286.7,4.19,1774.0,2.9,1.7,8.3,,521.2,7.8,31.3,,17.9,5.0,22.0,28.5,12.3,7.2,35.7,84.4,61.2,,,-0.85,27.0,,10.3,,4.9,,13.0,0.3,69.0,6.0,68.00424675000001,75.58522416666666,9.391281166666667
Indonesia,2011,2284.0,118.0,55.0,60.3,16.7,230.0,14.7,0.27,2686.0,8680.2,4.24,1777.0,,1.8,8.1,,518.1,8.4,26.1,,18.0,2.7,27.0,28.6,,7.7,35.1,85.3,63.7,,,-0.77,26.9,,10.2,,5.2,,10.7,0.3,69.0,6.0,73.81541066666666,79.633605,8.722155083333332
Indonesia,2012,2285.0,119.0,56.0,61.3,17.0,235.0,15.4,0.27,2726.0,9080.1,4.29,1777.0,,1.9,8.1,,514.1,9.1,23.4,,18.3,3.2,32.0,28.6,,8.2,34.5,86.1,66.1,,,-0.59,27.0,40.9,10.2,,5.5,,9.4,0.3,69.0,7.0,78.13735783333333,83.041535,5.864713166666667
Indonesia,2013,2286.0,121.0,56.3,62.0,17.7,240.0,13.3,0.27,2776.0,9457.0,4.35,1778.0,3.2,2.1,8.1,,509.2,9.7,21.0,,18.6,3.9,34.0,28.6,13.5,8.6,33.8,86.9,68.6,,,-0.52,27.2,,10.1,,5.8,,8.3,0.3,69.0,7.0,87.37522491666665,88.3665725,11.799816833333336
Indonesia,2014,2287.0,123.0,55.7,62.7,18.3,241.0,12.2,0.27,2820.0,9801.2,4.4,1779.0,,2.2,8.1,,503.8,10.4,19.6,,19.1,4.0,21.0,28.5,,9.1,33.3,87.7,71.1,,,-0.42,27.6,,10.0,,6.1,,7.7,0.3,69.0,7.0,93.33246933333332,94.01754999999999,6.881679249999999
Indonesia,2015,2289.0,125.0,55.3,64.0,19.3,242.0,11.1,0.28,2868.0,10149.6,4.45,1780.0,,2.3,8.0,15.5,497.6,11.3,18.2,1.8,19.6,4.3,27.0,27.8,,9.5,32.9,88.5,73.6,,,-0.62,28.2,,10.0,6.0,6.5,0.7,7.0,0.3,69.0,8.0,100.02167833333333,100.00000583333332,7.183064916666666
Indonesia,2016,2289.0,126.0,56.4,65.3,20.0,161.0,10.2,0.28,2894.0,10531.1,4.5,1780.0,,2.5,8.1,19.0,,12.2,17.7,2.3,20.3,5.6,21.0,26.8,,10.0,32.5,89.3,76.1,,,-0.37,28.9,,,7.3,6.9,0.9,6.8,0.3,69.0,8.0,107.26501133333335,103.52580833333333,7.26224375
Indonesia,2017,2291.0,127.0,58.7,66.7,20.7,80.0,10.1,0.28,2919.0,10935.6,4.3,1782.0,,2.6,8.0,20.0,,,16.8,2.4,20.9,8.5,20.0,25.9,,10.3,32.3,90.1,78.7,,,-0.5,29.6,50.7,,7.6,,0.9,6.4,0.3,68.0,9.0,109.54727325,107.46889166666669,2.142843416666667
Indonesia,2018,2294.0,127.0,,,,,,0.28,2914.0,11371.7,4.1,1784.0,2.5,2.6,7.8,18.7,,,17.2,2.2,21.6,,25.0,,10.2,10.7,32.2,90.9,81.3,,,-0.54,30.4,,,7.0,,0.8,6.4,0.3,,9.0,114.19058575000003,110.90612500000002,4.2413585
Indonesia,2019,2297.0,126.0,,,,,,0.28,2908.0,11812.0,3.9,1786.0,,2.6,7.7,16.8,,,17.6,1.9,22.3,,34.0,,,10.9,32.0,91.6,83.9,,,-0.48,31.2,,,6.2,,0.7,6.5,,,,115.42190041666667,114.26724166666668,1.0849549166666668
Indonesia,2020,2299.0,,,,,,,0.28,,11445.0,3.9,1787.0,,2.6,7.5,,,,,,,,,,,11.1,31.8,92.4,86.5,,,,,,,,,,,,,,121.61607333333332,116.46226666666668,5.378286833333334
Lao People's Democratic Republic,2000,2215.0,,,,,,,0.3,,2861.3,2.98,1733.0,0.1,0.1,0.4,,34.7,,,,0.5,,19.0,,17.5,2.1,49.7,46.1,28.2,4.9,21.7,-0.58,42.6,18.8,20.4,,1.7,,,,,,26.992557333333334,38.27078999999999,
Lao People's Democratic Republic,2001,2226.0,96.0,26.3,57.0,10.7,190.0,2.5,0.28,2138.0,2977.8,3.01,1740.0,,0.1,0.4,,33.8,,1.7,,0.5,16.3,21.0,31.1,,2.1,49.3,48.5,31.2,6.7,24.3,,41.7,,20.2,,1.8,,31.2,,76.0,20.0,30.071333666666664,41.260430666666664,11.559259416666668
Lao People's Democratic Republic,2002,2235.0,97.0,27.0,58.0,11.3,194.0,2.7,0.27,2156.0,3106.0,3.09,1746.0,,0.1,0.4,,33.0,0.1,1.6,,0.5,14.9,22.0,29.8,,2.1,49.0,50.9,34.2,8.6,26.7,-0.1,40.9,,19.9,,2.0,,29.5,,76.0,23.0,32.58158083333333,45.64696933333334,8.331421666666667
Lao People's Democratic Republic,2003,2244.0,98.0,28.0,59.0,11.7,199.0,2.3,0.26,2192.0,3245.2,3.17,1752.0,,0.1,0.4,,32.4,0.1,1.5,,0.5,14.5,22.0,28.5,,2.1,48.6,53.2,37.2,10.6,29.1,-1.23,40.2,,19.6,,2.1,,26.9,,75.0,26.0,36.75836883333333,52.71738958333333,12.777793166666669
Lao People's Democratic Republic,2004,2253.0,99.0,29.7,59.7,12.0,202.0,1.4,0.25,2235.0,3399.3,3.19,1757.0,,0.1,0.4,,32.0,0.1,1.4,,0.5,6.2,24.0,27.5,,2.1,48.1,55.5,40.2,11.1,31.4,-0.61,39.4,,19.4,,2.3,,24.1,,75.0,27.0,41.32624958333333,58.23282341666667,12.482313916666667
Lao People's Democratic Republic,2005,2263.0,100.0,31.0,60.0,12.0,207.0,-0.5,0.25,2257.0,3584.3,3.17,1763.0,,0.1,0.4,,31.6,0.1,1.3,,0.6,6.0,18.0,26.6,,2.1,47.6,57.7,43.1,11.6,33.6,-0.49,38.7,,19.1,,2.5,,22.4,,74.0,24.0,47.03034683333333,62.40441391666667,13.747284500000001
Lao People's Democratic Republic,2006,2271.0,101.0,32.3,60.7,12.0,213.0,-0.6,0.24,2283.0,3830.4,3.13,1768.0,0.1,0.1,0.4,,31.3,0.1,1.2,,0.6,6.7,25.0,25.9,7.4,2.1,46.9,59.8,45.8,12.0,35.8,-0.09,38.1,26.7,18.9,,2.7,,20.6,,73.0,21.0,51.26324508333334,66.489154,9.075910833333333
Lao People's Democratic Republic,2007,2279.0,100.0,33.0,60.3,12.0,217.0,-1.7,0.23,2282.0,4052.8,3.19,1773.0,,0.1,0.4,,31.0,0.1,1.2,,0.6,9.6,21.0,24.9,,2.1,46.1,61.9,48.5,12.5,37.9,-0.18,37.5,,18.7,,2.9,,20.1,,73.0,19.0,55.62179125,69.58886,8.53708325
Lao People's Democratic Republic,2008,2285.0,101.0,34.0,61.3,12.3,225.0,-2.3,0.23,2314.0,4296.5,3.08,1777.0,,0.1,0.3,,30.8,0.1,1.1,,0.6,6.3,20.0,23.9,,2.2,45.2,63.9,51.2,12.9,40.0,0.02,37.0,,18.5,,3.1,,18.3,,72.0,21.0,61.695993999999985,74.89766133333332,10.900381916666667
Lao People's Democratic Republic,2009,2292.0,102.0,35.0,62.4,12.7,231.0,-4.5,0.23,2326.0,4542.2,3.21,1781.0,,0.1,0.3,,30.4,0.1,1.1,,0.6,8.7,36.0,23.0,,2.2,44.2,65.9,53.8,13.3,42.0,-0.16,36.6,,18.3,,3.3,,17.7,,72.0,18.0,63.01045000000001,75.00340741666668,2.24645175
Lao People's Democratic Republic,2010,2298.0,103.0,36.0,64.3,13.3,244.0,-5.1,0.23,2369.0,4850.2,3.28,1786.0,,0.1,0.3,,30.1,0.1,1.0,,0.6,8.3,36.0,22.2,,2.2,43.2,67.9,56.5,13.7,44.1,-0.28,36.4,,18.1,,3.5,,16.0,,71.0,16.0,68.23883183333334,79.49052016666667,8.257440333333333
Lao People's Democratic Republic,2011,2303.0,103.0,36.7,65.3,13.7,257.0,-5.1,0.23,2378.0,5158.8,3.4,1789.0,0.1,0.1,0.3,,29.7,0.1,1.0,,0.6,7.2,31.0,21.7,5.9,2.3,42.0,69.8,59.1,14.2,46.1,-0.06,36.2,39.7,17.9,,3.8,,15.9,,70.0,15.0,75.27402874999999,85.50714858333333,10.3744495
Lao People's Democratic Republic,2012,2309.0,105.0,37.3,66.7,14.0,271.0,-5.2,0.23,2417.0,5489.0,3.37,1793.0,,0.1,0.3,,29.3,0.2,0.9,,0.6,6.1,29.0,21.3,,2.3,40.7,71.8,61.8,14.6,48.1,0.03,36.3,,17.7,,4.1,,14.5,,69.0,15.0,79.49151316666666,89.14558625000001,5.677351250000001
Lao People's Democratic Republic,2013,2316.0,108.0,40.4,69.7,15.4,294.0,-4.1,0.23,2495.0,5841.9,3.49,1798.0,,0.1,0.3,,28.9,0.2,0.8,,0.6,2.8,35.0,20.5,,2.4,39.4,73.7,64.4,15.0,50.1,0.07,36.5,,17.6,,4.4,,12.2,,67.0,19.0,89.50620883333335,94.82543225,12.562466583333332
Lao People's Democratic Republic,2014,2322.0,112.0,43.0,73.0,16.3,323.0,-3.7,0.23,2606.0,6193.3,3.49,1802.0,,0.1,0.3,,28.5,0.2,0.6,,0.7,3.3,36.0,19.6,,2.5,38.0,75.6,67.0,15.4,52.1,0.5,36.8,,17.4,,4.7,,9.0,,65.0,19.0,95.66721533333333,98.74100491666667,6.975797249999999
Lao People's Democratic Republic,2015,2326.0,116.0,45.7,76.0,17.7,351.0,-2.7,0.23,2690.0,6543.7,3.49,1805.0,0.1,0.1,0.3,0.0,28.2,0.2,0.5,0.0,0.7,11.0,65.0,19.0,9.7,2.5,36.5,77.5,69.6,15.9,54.1,0.54,37.2,,17.3,0.0,5.0,0.0,6.7,,64.0,19.0,100.01797708333334,100.00227725,4.543123416666666
Lao People's Democratic Republic,2016,2331.0,117.0,46.3,76.3,17.7,240.0,-2.9,0.23,2733.0,6896.1,3.49,1808.0,,0.1,0.3,0.0,,0.2,0.4,0.0,0.7,17.1,85.0,19.0,,2.6,35.1,79.6,72.1,16.3,56.0,0.53,37.7,,,0.0,5.3,0.0,5.9,,64.0,19.0,104.31876083333333,101.599226,4.3033417499999995
Lao People's Democratic Republic,2017,2333.0,118.0,47.0,76.3,18.0,120.0,-3.2,0.23,2754.0,7257.8,3.49,1810.0,0.1,0.1,0.3,0.0,,,0.4,0.0,0.7,17.5,86.0,19.4,9.0,2.7,33.7,81.5,74.7,16.7,57.9,0.4,38.2,44.4,,0.0,,0.0,5.6,,64.0,20.0,104.21706641666668,102.43790574999998,-0.07117533333333334
Lao People's Democratic Republic,2018,2336.0,119.0,,,,,,0.23,2769.0,7592.8,3.49,1812.0,,0.1,0.3,0.0,,,0.4,0.0,0.7,,62.0,,,2.8,32.4,83.3,77.2,17.2,59.8,0.42,38.8,,,0.0,,0.0,5.4,,,18.0,105.50629300000001,104.52804133333332,1.2359161666666667
Lao People's Democratic Republic,2019,2338.0,119.0,,,,,,0.23,2773.0,7886.7,3.49,1814.0,,0.1,0.2,2.1,,,0.4,0.6,0.8,,37.0,,,2.9,31.2,85.1,79.3,17.6,61.4,0.53,39.5,,,29.4,,8.9,5.3,,,,110.44332049999998,108.00104691666667,4.665818000000001
Lao People's Democratic Republic,2020,2342.0,,,,,,,0.23,,7805.8,3.49,1816.0,,0.1,0.2,,,,,,,,,,,3.0,30.2,85.2,79.5,17.7,61.4,,,,,,,,,,,,119.94956133333334,113.51349900000001,8.684701666666667
Malaysia,2000,2282.0,,,,,,,0.21,,15917.1,2.95,1774.0,,0.1,0.5,,50.5,1.0,,,2.1,,23.0,,,5.4,20.0,96.9,96.8,92.6,65.6,0.09,35.1,,10.0,,7.0,,,0.5,,,62.27486716666667,71.39616666666667,
Malaysia,2001,2287.0,124.0,85.7,75.3,41.7,382.0,80.2,0.21,2836.0,15652.0,2.99,1777.0,,0.1,0.5,,49.1,1.1,0.6,,2.2,15.8,41.0,40.9,,5.5,19.5,96.9,97.0,92.7,65.9,,34.7,,9.9,,7.5,,2.5,0.5,44.0,3.0,62.70041199999999,72.40769633333333,0.6838949166666667
Malaysia,2002,2295.0,123.0,85.7,75.0,41.3,395.0,77.7,0.21,2818.0,16155.6,3.06,1782.0,,0.1,0.5,,48.0,1.2,0.7,,2.2,13.2,48.0,39.9,,5.6,19.1,96.9,97.2,92.8,66.1,0.54,34.2,,9.9,,7.9,,2.8,0.5,44.0,3.0,63.14152574999999,73.71673566666665,0.7037986666666667
Malaysia,2003,2304.0,122.0,86.0,76.0,41.7,405.0,85.1,0.22,2820.0,16751.4,2.97,1789.0,,0.1,0.5,,47.4,1.3,0.7,,2.2,9.9,60.0,39.1,,5.7,18.8,96.9,97.5,92.8,66.3,0.49,33.5,,10.0,,8.4,,2.9,0.5,45.0,3.0,63.98742599999998,74.52000925,1.3400846666666666
Malaysia,2004,2313.0,122.0,85.7,76.7,41.7,420.0,82.6,0.22,2823.0,17538.5,2.97,1794.0,,0.1,0.5,,47.3,1.4,0.8,,2.2,7.2,57.0,39.5,,5.8,18.6,97.0,97.7,92.9,66.5,0.35,32.9,,10.1,,8.9,,3.1,0.5,46.0,3.0,65.39379999999998,75.57914075000001,2.1968986666666663
Malaysia,2005,2321.0,122.0,85.0,78.0,42.0,431.0,86.3,0.22,2826.0,18114.1,3.06,1800.0,,0.1,0.5,,47.7,1.5,0.8,,2.2,8.6,29.0,40.4,,5.8,18.3,97.0,97.9,93.0,66.7,0.56,32.5,,10.2,,9.4,,3.2,0.5,47.0,4.0,67.76970825,77.82767375,3.6323453333333333
Malaysia,2006,2329.0,121.0,83.7,78.7,42.0,438.0,81.1,0.22,2826.0,18752.5,3.01,1805.0,0.3,0.1,0.5,,48.5,1.7,0.9,,2.2,10.0,22.0,42.3,13.2,5.9,18.1,97.0,98.1,93.0,66.9,0.29,32.0,,10.4,,9.9,,3.4,0.5,47.0,4.0,70.05128866666668,80.63665783333333,3.370240666666667
Malaysia,2007,2336.0,121.0,83.3,77.6,41.3,449.0,77.2,0.22,2820.0,19547.0,2.91,1810.0,,0.1,0.4,,49.6,1.8,1.0,,2.2,11.5,19.0,43.8,,5.9,17.9,97.0,98.3,93.1,67.1,0.19,31.5,,10.6,,10.4,,3.6,0.5,46.0,4.0,72.16909216666666,82.27144758333334,3.0210946666666665
Malaysia,2008,2343.0,121.0,83.7,77.3,41.3,455.0,72.8,0.22,2828.0,20103.5,2.85,1814.0,,0.1,0.4,,51.0,1.9,1.0,,2.3,6.0,20.0,44.7,,5.9,17.9,97.0,98.5,93.2,67.6,0.11,31.1,,10.7,,10.9,,3.6,0.5,46.0,5.0,78.55638691666667,86.747658,8.832798416666666
Malaysia,2009,2350.0,121.0,85.4,77.4,42.0,460.0,69.5,0.22,2840.0,19443.0,2.91,1818.0,,0.1,0.4,,52.4,2.1,1.0,,2.3,10.0,22.0,44.9,,6.0,17.8,97.0,98.7,93.2,68.1,-0.04,30.7,,10.9,,11.5,,3.5,0.5,45.0,5.0,81.80933283333334,87.25366425,4.26261525
Malaysia,2010,2357.0,122.0,86.7,78.7,43.0,464.0,71.1,0.22,2875.0,20536.4,2.94,1822.0,,0.1,0.4,,53.8,2.2,0.9,,2.3,8.6,25.0,46.3,,6.0,17.9,97.0,98.8,93.3,69.0,0.14,30.4,,11.1,,12.0,,3.2,0.7,45.0,6.0,83.78102066666666,88.66966233333333,2.409906916666667
Malaysia,2011,2363.0,123.0,88.0,79.3,43.7,470.0,72.3,0.22,2900.0,21289.3,2.9,1826.0,,0.1,0.4,,55.3,2.4,0.8,,2.3,11.3,35.0,47.8,,6.0,18.1,97.0,99.0,93.4,69.9,0.08,30.2,,11.2,,12.6,,3.0,0.7,44.0,6.0,87.809827,91.48445516666668,4.806543083333334
Malaysia,2012,2368.0,123.0,88.3,80.0,44.0,481.0,72.6,0.22,2919.0,22132.2,2.91,1829.0,,0.1,0.4,,56.7,2.6,0.8,,2.4,12.5,44.0,50.6,,6.0,18.3,97.0,99.0,93.4,70.8,-0.01,30.1,,11.3,,13.1,,2.8,,44.0,6.0,90.16985566666666,93.00636408333332,2.694544083333333
Malaysia,2013,2372.0,122.0,89.0,79.7,44.7,480.0,76.4,0.22,2896.0,22855.9,2.86,1832.0,,0.1,0.5,,57.9,2.7,0.9,,2.4,11.2,53.0,53.1,,6.1,18.5,97.0,99.0,93.5,71.8,0.05,30.2,,11.4,,13.7,,3.2,,43.0,6.0,93.38172899999999,94.96415958333336,3.5604490833333333
Malaysia,2014,2375.0,121.0,90.7,79.0,45.0,480.0,74.8,0.22,2878.0,23906.2,2.86,1834.0,,0.2,0.5,,58.8,2.9,1.0,,2.5,9.1,39.0,54.6,,6.1,18.8,97.0,99.0,93.5,72.7,0.27,30.4,,11.4,,14.3,,3.4,,43.0,6.0,96.50283241666665,97.94887391666667,3.3469289166666667
Malaysia,2015,2378.0,119.0,91.0,78.0,45.0,477.0,73.9,0.22,2842.0,24787.8,2.86,1836.0,0.2,0.2,0.5,5.3,59.5,3.1,1.1,2.4,2.5,9.7,42.0,54.0,8.0,6.1,19.1,97.1,99.0,93.6,73.4,0.26,30.7,,11.3,17.4,14.9,7.8,3.8,,42.0,6.0,100.00796433333333,100.01010008333333,3.6283317499999996
Malaysia,2016,2379.0,120.0,92.3,77.7,44.3,315.0,70.6,0.22,2857.0,25541.8,2.86,1837.0,0.3,0.2,0.5,4.6,,3.3,1.1,2.1,2.6,10.6,44.0,53.5,11.5,6.1,19.5,97.1,99.0,93.6,74.3,0.14,30.9,40.3,,15.1,15.6,6.7,3.5,,42.0,6.0,103.876177,102.10087783333334,3.874704416666667
Malaysia,2017,2380.0,120.0,91.3,77.3,43.7,156.0,71.9,0.21,2850.0,26661.5,2.86,1838.0,,0.2,0.5,4.7,,,1.1,2.1,2.6,11.1,51.0,53.5,,6.1,19.9,97.1,99.0,93.7,75.9,0.12,31.3,,,15.1,,6.7,3.4,0.8,42.0,6.0,108.212206,106.05340808333335,4.174879583333333
Malaysia,2018,2381.0,120.0,,,,,,0.21,2862.0,27558.1,2.86,1839.0,,0.2,0.5,4.7,,,1.0,2.1,2.7,,46.0,,,6.1,20.3,97.1,99.0,93.7,77.5,0.26,31.6,,,15.1,,6.7,3.2,0.8,,5.0,109.67849600000001,106.99167241666667,1.3626737500000001
Malaysia,2019,2382.0,120.0,,,,,,0.21,2860.0,28364.5,2.86,1840.0,0.3,0.2,0.5,6.0,,,1.0,2.4,2.8,,19.0,,9.7,6.1,20.6,97.1,,93.8,,0.11,32.0,,,18.7,,7.5,3.2,,,,111.48692033333333,107.70091141666664,1.6512072500000006
Malaysia,2020,2382.0,,,,,,,0.21,,26435.2,2.86,1840.0,,0.2,0.5,,,,,,,,,,,6.1,20.9,97.1,,93.8,,,,,,,,,,,,,112.904334,106.47451883333336,1.2711849999999998
Myanmar,2000,2239.0,,,,,,,0.28,,1093.8,2.55,1743.0,0.6,0.2,2.4,,156.8,0.6,,,6.3,,38.0,,10.7,4.5,47.0,47.0,63.5,27.1,58.4,-1.67,47.6,10.5,13.9,,2.2,,,,,,10.795567083333333,11.602793083333333,
Myanmar,2001,2240.0,90.0,38.7,51.3,10.7,210.0,-5.4,0.28,2025.0,1204.8,2.57,1744.0,,0.2,2.4,,156.1,0.7,17.7,,6.2,8.4,36.0,19.4,,4.3,45.3,48.6,64.0,28.6,58.9,,46.6,,13.7,,2.3,,37.6,,66.0,10.0,11.796991583333332,14.051133916666666,9.323590250000002
Myanmar,2002,2242.0,92.0,40.3,53.3,11.7,219.0,-5.7,0.28,2071.0,1336.2,2.64,1746.0,,0.2,2.3,,154.8,0.7,16.6,,6.2,6.0,34.0,20.0,,4.1,43.6,50.2,64.6,30.2,59.2,-1.41,45.7,,13.6,,2.5,,34.8,,65.0,9.0,17.4717005,22.070749916666667,47.40249941666665
Myanmar,2003,2243.0,94.0,43.0,56.0,13.7,227.0,-4.1,0.28,2112.0,1507.1,2.72,1747.0,0.6,0.2,2.3,,152.7,0.8,15.6,,6.1,6.2,17.0,20.7,11.7,3.9,42.1,51.8,65.1,31.7,59.6,-1.15,44.8,,13.4,,2.6,,32.4,,63.0,11.0,25.688701249999998,30.149242333333333,48.259490416666665
Myanmar,2004,2246.0,96.0,46.0,58.7,15.7,238.0,-2.0,0.28,2153.0,1696.9,2.85,1749.0,,0.2,2.2,,149.9,0.9,14.7,,6.0,4.3,11.0,21.1,,3.7,40.6,53.5,65.7,33.4,59.9,-0.99,43.9,,13.3,,2.8,,30.2,,62.0,13.0,29.444192916666665,31.513275916666668,15.472116666666667
Myanmar,2005,2248.0,98.0,49.0,61.7,18.3,256.0,-1.5,0.28,2200.0,1912.0,2.89,1751.0,,0.2,2.1,,146.6,0.9,13.6,,5.9,5.9,15.0,21.4,,3.5,39.1,55.2,66.2,35.0,60.2,-0.9,43.0,,13.2,,3.0,,27.8,,60.0,13.0,31.086035500000005,34.4656345,5.568461250000001
Myanmar,2006,2250.0,100.0,52.7,64.7,20.7,276.0,-1.5,0.28,2263.0,2146.6,3.01,1752.0,,0.2,2.0,,142.6,1.0,12.2,,5.8,4.7,19.0,21.4,,3.3,37.7,56.9,66.8,36.7,60.5,-0.85,42.1,,13.1,,3.2,,24.8,,58.0,10.0,35.95435066666667,41.35755066666666,15.578687249999996
Myanmar,2007,2253.0,104.0,56.7,68.3,23.3,298.0,-2.1,0.28,2343.0,2388.4,3.04,1755.0,,0.2,1.9,,138.4,1.1,10.5,,5.7,8.6,16.0,21.4,,3.1,36.4,58.7,67.3,38.4,60.8,-1.06,41.3,,13.0,,3.4,,21.2,,57.0,9.0,46.41805691666667,55.84286625000001,28.885055250000004
Myanmar,2008,2257.0,107.0,62.0,71.7,26.0,313.0,-2.7,0.28,2412.0,2617.1,3.09,1758.0,,0.2,1.8,,134.2,1.1,9.2,,5.7,12.1,16.0,21.1,,2.9,35.2,60.5,67.8,40.1,61.1,-1.09,40.5,,12.9,,3.6,,18.4,,54.0,9.0,61.02902358333335,70.80849608333332,31.614603416666668
Myanmar,2009,2261.0,111.0,66.4,75.7,29.0,323.0,-2.8,0.28,2512.0,2874.8,3.17,1761.0,0.4,0.1,1.7,,130.3,1.2,7.6,,5.6,15.9,31.0,21.2,7.9,2.7,34.1,62.3,68.3,41.9,61.0,-1.29,40.0,23.6,12.8,,3.8,,15.1,,53.0,11.0,70.61603825,71.85104,16.230458916666663
Myanmar,2010,2265.0,114.0,69.3,79.0,31.7,323.0,-3.1,0.28,2581.0,3129.9,3.25,1764.0,,0.1,1.6,,126.8,1.3,6.6,,5.6,13.8,32.0,21.3,,2.6,33.2,64.1,68.8,43.7,61.0,-1.29,39.6,,12.7,,4.0,,13.1,,52.0,12.0,73.33459275000001,77.39677775,3.8502414166666665
Myanmar,2011,2271.0,117.0,70.0,81.3,33.0,317.0,-2.2,0.28,2642.0,3279.7,3.34,1768.0,,0.1,1.6,,123.9,1.4,5.8,,5.6,6.6,64.0,21.4,,2.4,32.5,65.9,69.3,45.3,61.0,-1.11,39.4,,12.6,,4.3,,11.4,,52.0,14.0,76.05314716666666,81.28322608333333,3.7074777500000002
Myanmar,2012,2276.0,117.0,69.7,82.0,33.3,313.0,-2.0,0.28,2654.0,3491.2,3.3,1771.0,,0.1,1.5,,121.4,1.5,5.8,,5.7,8.5,57.0,21.3,,2.2,31.9,67.8,69.8,46.8,61.0,-0.94,39.4,,12.5,,4.6,,11.2,,52.0,15.0,78.77170174999999,82.47612500000001,3.57492375
Myanmar,2013,2281.0,118.0,70.7,83.7,34.3,313.0,-2.3,0.28,2690.0,3753.3,3.37,1774.0,,0.1,1.5,,119.2,1.6,5.4,,5.7,15.9,48.0,21.3,,2.1,31.1,69.7,70.3,48.3,61.0,-1.14,39.6,,12.5,,4.8,,10.5,,52.0,15.0,82.85344008333333,87.13028474999999,5.159165333333333
Myanmar,2014,2286.0,119.0,72.3,85.7,36.3,319.0,-3.5,0.28,2730.0,4020.0,3.37,1778.0,,0.1,1.4,,117.4,1.8,5.1,,5.8,15.7,49.0,21.2,,2.0,30.3,71.6,70.8,49.8,61.0,-1.09,40.0,,12.4,,5.1,,9.7,,52.0,15.0,88.55862508333333,91.44610858333333,6.931077750000001
Myanmar,2015,2292.0,121.0,75.3,88.3,38.3,321.0,-3.2,0.28,2771.0,4268.5,3.37,1781.0,,0.1,1.4,0.0,116.2,1.9,4.7,0.0,5.9,12.1,43.0,21.1,,1.9,29.5,73.6,71.3,51.3,60.9,-1.17,40.4,51.2,12.3,0.0,5.4,0.0,8.9,,51.0,18.0,100.18520333333333,100.09158074999999,13.05069425
Myanmar,2016,2296.0,122.0,75.7,89.0,39.0,214.0,-3.7,0.28,2796.0,4482.9,3.37,1783.0,0.3,0.1,1.3,0.0,,2.1,4.5,0.0,6.0,6.6,22.0,20.9,6.6,1.8,28.6,75.6,71.7,52.8,60.9,-0.8,40.9,,,0.0,5.8,0.0,8.4,,51.0,20.0,109.42877533333335,107.02675141666668,9.427205833333334
Myanmar,2017,2300.0,123.0,77.0,89.7,39.7,107.0,-2.7,0.28,2818.0,4739.9,3.37,1786.0,,0.1,1.3,0.0,,,4.3,0.0,6.1,6.8,14.0,20.8,,1.7,27.8,77.6,72.2,54.4,60.9,-1.08,41.2,,,0.0,,0.0,8.1,,51.0,17.0,114.23840433333334,111.92058883333333,4.484645583333333
Myanmar,2018,2303.0,123.0,,,,,,0.28,2836.0,5029.2,3.37,1788.0,0.3,0.1,1.2,0.0,,,4.2,0.0,6.2,,15.0,,6.7,1.6,26.9,79.6,72.7,56.0,60.8,-1.26,41.7,,,0.0,,0.0,7.8,,,12.0,121.75126675,119.61213966666666,6.561484916666668
Myanmar,2019,2306.0,123.0,,,,,,0.28,2851.0,5082.5,3.37,1790.0,,0.1,1.2,12.0,,,4.1,1.0,6.3,,19.0,,,1.6,26.1,81.7,73.2,57.6,60.8,-1.26,42.1,,,22.2,,1.9,7.6,,,,132.71482899999998,130.167991,9.023918333333334
Myanmar,2020,2309.0,,,,,,,0.28,,4544.0,3.37,1792.0,,0.1,1.1,,,,,,,,,,,1.5,25.2,83.7,73.6,58.8,60.7,,,,,,,,,,,,136.44571025,135.09810199999998,2.8597389166666667
Philippines,2000,2161.0,,,,,,,0.3,,4453.8,3.22,1694.0,,0.3,3.8,,498.1,1.4,,,4.9,,38.0,,,2.4,35.7,86.0,61.1,36.3,43.2,-1.39,25.0,,21.5,,3.3,,,,,,50.998265333333315,55.13615675,
Philippines,2001,2163.0,110.0,47.7,53.7,22.0,192.0,25.5,0.3,2374.0,4492.7,3.22,1695.0,,0.3,3.9,,500.4,1.5,14.9,,4.9,10.2,38.0,27.6,,2.4,35.3,86.3,61.5,36.4,43.5,,24.3,,21.4,,3.4,,18.7,,57.0,6.0,52.837494166666666,58.11503166666668,3.6137593333333338
Philippines,2002,2165.0,110.0,46.7,54.0,22.0,194.0,24.7,0.3,2373.0,4562.8,3.27,1697.0,,0.3,3.9,,501.2,1.6,15.0,,4.9,7.4,28.0,27.9,,2.5,35.0,86.7,61.9,38.4,43.9,-0.86,23.8,,21.3,,3.6,,18.4,,57.0,6.0,53.89155491666667,59.6973715,1.9967001666666666
Philippines,2003,2168.0,111.0,46.3,54.7,22.3,196.0,22.8,0.29,2402.0,4697.5,3.28,1699.0,0.7,0.3,3.9,,500.4,1.7,14.2,,4.9,5.2,25.0,27.9,6.0,2.5,34.6,87.1,62.3,40.5,44.2,-1.56,23.3,34.0,21.2,,3.7,,17.1,,58.0,6.0,54.42934108333335,61.0519505,0.9982192500000001
Philippines,2004,2171.0,112.0,45.7,55.3,22.7,197.0,21.2,0.29,2428.0,4908.1,3.22,1701.0,,0.3,3.9,,498.3,1.9,13.7,,4.9,0.9,19.0,27.9,,2.6,34.3,87.5,62.7,42.6,44.6,-1.71,22.8,,21.1,,3.9,,16.2,,59.0,6.0,57.720592666666654,63.97688208333333,6.034824583333332
Philippines,2005,2175.0,114.0,46.3,56.7,23.0,199.0,21.7,0.29,2468.0,5054.2,3.25,1703.0,,0.3,3.9,,495.3,2.0,12.9,,4.9,1.1,23.0,27.8,,2.7,34.0,87.9,63.1,44.2,44.9,-1.18,22.2,,21.0,,4.1,,14.9,,60.0,6.0,61.37753891666667,68.19645525,6.356637833333334
Philippines,2006,2181.0,115.0,47.7,57.7,23.7,203.0,22.2,0.29,2504.0,5228.3,3.25,1707.0,,0.3,3.8,,491.4,2.1,12.3,,4.8,0.7,23.0,27.7,,2.8,33.7,88.3,63.5,44.7,45.3,-1.64,21.8,,20.9,,4.2,,14.0,,60.0,6.0,64.5450995,71.92454408333333,5.1698045
Philippines,2007,2188.0,116.0,49.0,58.7,24.3,208.0,22.0,0.29,2540.0,5474.7,3.3,1712.0,,0.3,3.8,,487.6,2.3,11.7,,4.8,1.2,30.0,27.6,,2.9,33.4,88.7,64.7,44.8,46.2,-1.6,21.1,,20.8,,4.4,,13.1,,59.0,8.0,66.93824816666667,74.04032441666666,3.7032716666666663
Philippines,2008,2197.0,117.0,50.0,59.3,25.0,211.0,22.4,0.29,2567.0,5618.5,3.31,1718.0,0.7,0.3,3.7,,484.0,2.4,11.4,,4.7,4.1,41.0,27.7,6.6,2.9,33.1,89.1,66.0,45.0,47.2,-1.78,20.2,33.0,20.7,,4.6,,12.6,0.2,59.0,9.0,75.60736166666666,80.09996741666666,12.930978083333335
Philippines,2009,2205.0,117.0,50.7,60.0,25.0,209.0,22.9,0.29,2569.0,5606.6,3.37,1723.0,,0.3,3.6,,481.3,2.6,11.8,,4.6,5.8,31.0,28.3,,3.0,32.9,89.5,67.2,45.1,48.2,-1.73,19.5,,20.6,,4.8,,12.8,,59.0,10.0,80.35601383333334,83.47442724999998,6.404638333333334
Philippines,2010,2212.0,116.0,51.7,60.0,24.7,208.0,21.6,0.29,2556.0,5918.4,3.39,1728.0,,0.3,3.6,,479.7,2.8,12.6,,4.5,5.3,28.0,28.6,,3.1,32.7,89.9,68.5,45.3,49.2,-1.65,18.7,,20.6,,5.0,,13.4,,59.0,10.0,83.55584183333333,86.63311333333333,3.984467666666667
Philippines,2011,2215.0,115.0,52.0,59.7,24.3,209.0,20.0,0.29,2549.0,6043.6,3.35,1730.0,0.8,0.4,3.6,,479.4,3.0,13.1,,4.4,4.4,22.0,29.0,7.0,3.3,32.4,90.3,69.9,45.5,50.2,-1.39,17.8,,20.5,,5.2,,13.7,,59.0,10.0,88.13240225,90.72082475,5.483604499999999
Philippines,2012,2217.0,115.0,51.7,59.0,24.0,212.0,17.8,0.29,2551.0,6351.3,3.32,1731.0,,0.4,3.6,,479.5,3.2,13.3,,4.2,3.3,41.0,29.3,,3.4,32.2,90.8,71.2,45.7,51.4,-1.19,16.9,,20.4,,5.4,,13.7,,59.0,10.0,90.49192699999999,93.46691158333333,2.6761668333333333
Philippines,2013,2219.0,115.0,50.6,59.3,24.3,209.0,17.6,0.29,2547.0,6666.3,3.3,1732.0,0.9,0.4,3.6,,479.8,3.4,13.7,,4.1,4.0,42.0,29.9,7.6,3.5,31.8,91.2,72.6,45.9,52.5,-1.08,15.9,,20.3,,5.7,,13.8,,59.0,9.0,92.79193016666666,95.88087008333332,2.5409804166666667
Philippines,2014,2221.0,115.0,51.0,59.7,24.7,203.0,17.7,0.29,2550.0,6973.6,3.3,1734.0,,0.4,3.6,,480.2,3.6,13.9,,3.9,3.9,38.0,30.5,,3.6,31.3,91.6,73.9,46.1,53.6,-0.71,15.2,,20.2,,5.9,,13.8,,59.0,10.0,98.14603566666665,99.33049433333333,5.77024425
Philippines,2015,2225.0,115.0,51.0,60.7,25.3,195.0,19.7,0.29,2572.0,7300.1,3.3,1736.0,0.8,0.4,3.6,42.1,480.7,3.9,13.6,3.3,3.8,4.9,43.0,31.6,6.8,3.7,31.1,92.0,75.3,46.3,54.8,-0.86,14.5,,20.1,41.2,6.2,3.2,13.3,0.2,58.0,11.0,100.00112033333335,100.00017325,1.9137715000000002
Philippines,2016,2228.0,117.0,52.7,61.3,25.3,127.0,21.2,0.29,2619.0,7705.1,3.3,1738.0,,0.4,3.5,0.0,,4.1,12.5,0.0,3.7,6.1,34.0,32.7,,3.8,30.5,92.4,76.7,46.6,55.9,-1.38,13.9,,,0.0,6.4,0.0,12.1,0.2,58.0,12.0,101.58472908333333,101.25387416666668,1.5823200833333333
Philippines,2017,2234.0,120.0,54.0,62.0,25.7,62.0,23.2,0.29,2672.0,8120.9,3.3,1742.0,,0.4,3.4,0.0,,,11.4,0.0,3.6,8.3,34.0,33.8,,3.9,29.9,92.9,78.0,46.8,57.1,-1.18,13.3,,,0.0,,0.0,10.9,,58.0,13.0,104.68407758333332,104.14283725,3.050305416666666
Philippines,2018,2240.0,122.0,,,,,,0.29,2731.0,8516.1,3.3,1746.0,0.6,0.4,3.3,44.0,,,10.3,3.4,3.5,,33.0,,5.6,4.0,29.9,93.3,79.4,47.0,58.3,-1.08,12.8,,,41.2,,3.2,9.7,,,14.0,111.85556274999999,109.57035016666664,6.841128833333333
Philippines,2019,2247.0,123.0,,,,,,0.29,2770.0,8914.7,3.3,1751.0,,0.4,3.2,46.1,,,10.1,4.3,3.5,,44.0,,,4.1,29.4,93.7,80.8,47.2,59.5,-0.88,12.3,,,42.7,,4.0,9.4,,,,114.16310691666665,112.28800008333333,2.1069521666666664
Philippines,2020,2252.0,,,,,,,0.31,,7953.6,3.3,1754.0,,0.4,3.0,,,,,,,,,,,4.2,28.7,94.1,82.3,47.5,60.6,,,,,,,,,,,,117.28507841666668,115.247046,2.732037416666667
Singapore,2000,2445.0,,,,,,,,,56106.7,,1888.0,0.1,0.1,0.1,,4.9,0.1,,,0.1,,,,3.6,3.0,4.4,99.0,99.0,99.0,99.0,1.14,12.3,,9.8,,4.4,,,,,,72.30195075,75.25475908333333,
Singapore,2001,2449.0,,,,,5.0,,,,54029.7,,1891.0,,0.1,0.1,,4.8,0.1,0.0,,0.1,3.0,,,,3.0,4.3,99.0,99.0,99.0,99.0,,12.1,,9.8,,4.5,,0.0,,,2.0,72.67540749999999,76.00519783333334,0.516552
Singapore,2002,2452.0,,,,,5.0,,,,55634.7,,1893.0,,0.1,0.1,,4.7,0.1,0.0,,0.1,2.5,,,,3.1,4.2,99.0,99.0,99.0,99.0,1.26,11.9,,9.8,,4.6,,0.0,,,2.0,72.83746500000002,75.70750341666667,0.22318441666666666
Singapore,2003,2455.0,,,,,6.0,,,,59022.1,,1894.0,,0.1,0.1,,4.6,0.2,0.0,,0.1,2.5,,,,3.1,4.1,99.0,99.0,99.0,99.0,0.88,11.8,,9.7,,4.7,,0.0,,,2.0,73.07686775,76.09202558333335,0.32868116666666664
Singapore,2004,2458.0,,,,,6.0,,,,64011.4,,1896.0,,0.1,0.1,,4.6,0.2,0.0,,0.1,2.4,,,,3.2,4.0,99.0,99.0,99.0,99.0,1.09,11.7,,9.7,,4.8,,0.0,,,2.0,74.09341,77.35722841666666,1.3903365
Singapore,2005,2461.0,,,,,6.0,,,,67125.6,,1899.0,,0.1,0.1,,4.6,0.2,0.0,,0.1,1.6,,,,3.2,3.9,99.0,99.0,99.0,99.0,1.16,11.7,,9.7,,4.9,,0.0,,,2.0,72.3939395,77.68273,-2.2917994999999998
Singapore,2006,2470.0,,,,,5.0,,,,70916.0,,1904.0,,0.1,0.1,,4.6,0.2,0.0,,0.1,1.3,,,,3.3,3.8,99.0,99.0,99.0,99.0,1.25,11.6,,9.7,,5.0,,0.0,,,2.0,73.81223841666667,78.43073833333332,1.9596963333333335
Singapore,2007,2479.0,,,,,5.0,,,,74159.4,,1910.0,,0.1,0.1,,4.6,0.2,0.0,,0.1,1.1,,,,3.4,3.7,99.0,99.0,99.0,99.0,1.17,11.5,,9.7,,5.1,,0.0,,,2.0,76.79215275000001,80.08161125,4.031099166666667
Singapore,2008,2488.0,,,,,5.0,,,,71629.8,,1915.0,,0.1,0.1,,4.7,0.2,0.0,,0.2,1.2,,,,3.5,3.5,99.0,99.0,99.0,99.0,1.35,11.5,,9.7,,5.2,,0.0,,,2.0,84.25423516666666,85.38924575,9.732986666666667
Singapore,2009,2495.0,,,,,4.0,,,,69585.8,,1920.0,,0.1,0.1,,4.7,0.2,0.0,,0.2,1.5,,,,3.7,3.4,99.0,99.0,99.0,99.0,1.18,11.4,,9.7,,5.3,,0.0,,,2.0,86.37982591666668,85.89878058333335,2.5671424166666665
Singapore,2010,2501.0,,,,,4.0,,,,78294.0,,1924.0,,0.1,0.1,,4.7,0.2,0.0,,0.2,1.0,,,,3.8,3.3,99.0,99.0,99.0,99.0,1.17,11.4,,9.7,,5.4,,0.0,,,2.0,88.39792949999999,88.32427133333334,2.339372416666667
Singapore,2011,2503.0,,,,,5.0,,,,81538.4,,1925.0,,0.1,0.1,,4.7,0.2,0.0,,0.2,1.0,,,,3.9,3.2,99.0,99.0,99.0,99.0,1.19,11.5,,9.7,,5.5,,0.0,,,2.0,91.54548841666667,92.95934658333334,3.5623071666666664
Singapore,2012,2505.0,,,,,5.0,,,,83112.0,,1926.0,,0.1,0.1,,4.7,0.2,0.0,,0.2,0.8,,,,4.0,3.2,99.0,99.0,99.0,99.0,1.37,11.5,,9.7,,5.6,,0.0,,,2.0,93.78511291666668,97.21279691666666,2.4500005833333334
Singapore,2013,2506.0,,,,,5.0,,,,85732.8,,1926.0,,0.1,0.1,,4.8,0.3,0.0,,0.2,0.2,,,,4.1,3.1,99.0,99.0,99.0,99.0,1.38,11.6,,9.6,,5.7,,0.0,,,3.0,95.95555633333332,99.50566191666665,2.3162909166666665
Singapore,2014,2505.0,,,,,5.0,,,,87959.4,,1926.0,,0.1,0.1,,4.8,0.3,0.0,,0.2,0.7,,,,4.2,3.1,99.0,99.0,99.0,99.0,1.19,11.8,,9.6,,5.8,,0.0,,,3.0,98.79082725,100.52574241666666,2.9564644999999996
Singapore,2015,2503.0,,,,,5.0,,,,89519.7,,1924.0,,0.1,0.1,0.2,4.8,0.3,0.0,0.1,0.2,0.8,,,,4.3,3.0,99.0,99.0,99.0,99.0,1.31,11.9,,9.6,2.8,6.0,1.0,0.0,,,3.0,100.00087566666669,100.0003765,1.2287415833333333
Singapore,2016,2502.0,,,,,3.0,,,,91307.5,,1923.0,,0.1,0.1,0.2,,0.3,0.0,0.1,0.2,1.1,,,,4.4,3.0,99.0,99.0,99.0,99.0,1.5,12.1,,,3.1,6.1,1.2,0.0,,,3.0,102.30233824999999,99.46810566666664,2.30281025
Singapore,2017,2496.0,,,,,2.0,,,,95350.4,,1919.0,,0.1,0.1,0.2,,,0.0,0.1,0.2,1.5,,,,4.5,2.9,99.0,99.0,99.0,99.0,1.62,12.4,,,4.1,,1.4,0.0,,,3.0,103.62022741666668,100.04130108333334,1.2884244166666665
Singapore,2018,2490.0,,,,,,,,,98222.8,,1913.0,,0.1,0.1,0.3,,,0.0,0.1,0.2,,,,,4.6,2.9,99.0,99.0,99.0,99.0,1.49,12.7,,,4.7,,1.4,0.0,,,3.0,104.96085283333332,100.4801025,1.2940671666666665
Singapore,2019,2483.0,,,,,,,,,98411.6,,1908.0,,0.1,0.1,0.3,,,0.0,0.1,0.2,,,,,4.7,2.9,99.0,99.0,99.0,99.0,1.53,13.0,,,4.5,,0.9,0.0,,,,106.16010825,101.04807666666666,1.1428373333333333
Singapore,2020,2478.0,,,,,,,,,93397.0,,1904.0,,0.1,0.1,,,,,,,,,,,4.8,2.8,99.0,99.0,99.0,99.0,,,,,,,,,,,,109.23698200000001,100.8642535,2.9000233333333334
Thailand,2000,2416.0,,,,,,,0.28,,9809.6,2.99,1867.0,,0.3,0.8,,123.6,1.6,,,3.9,,45.0,,,6.4,16.9,93.9,92.4,,19.9,0.46,21.0,,13.5,,3.7,,,0.8,,,56.274982249999994,70.09871433333332,
Thailand,2001,2421.0,107.0,55.0,58.0,22.3,332.0,-39.9,0.28,2585.0,10053.8,2.93,1871.0,,0.3,0.8,,115.5,1.8,11.0,,3.9,11.7,41.0,36.7,,6.7,16.7,94.3,92.7,,20.1,,21.0,,12.9,,3.9,,17.3,,50.0,2.0,56.20689741666666,71.23915658333334,-0.11932941666666665
Thailand,2002,2426.0,108.0,56.0,57.7,22.3,343.0,-45.5,0.27,2605.0,10583.8,2.93,1874.0,,0.3,0.7,,108.9,1.9,10.5,,3.9,12.0,40.0,37.9,,6.9,16.6,94.7,93.0,,20.2,0.51,21.0,,12.4,,4.2,,16.4,,49.0,2.0,56.48303983333333,71.73591358333333,0.4915378333333333
Thailand,2003,2430.0,109.0,57.0,58.0,22.7,344.0,-50.9,0.27,2637.0,11260.2,2.9,1877.0,,0.3,0.7,,103.5,2.1,9.7,,4.0,11.7,38.0,39.0,,7.1,16.5,95.1,93.3,,20.3,-0.14,21.1,,11.9,,4.4,,15.0,,49.0,2.0,57.67568966666667,73.03028033333332,2.110681833333333
Thailand,2004,2434.0,110.0,57.3,58.7,23.0,342.0,-49.2,0.27,2673.0,11886.3,2.87,1879.0,,0.3,0.7,,99.1,2.2,8.9,,4.0,10.4,18.0,39.9,,7.3,16.5,95.5,93.5,,20.5,-0.72,21.1,,11.6,,4.7,,13.7,,50.0,2.0,60.04720608333334,75.04529491666668,4.109272
Thailand,2005,2438.0,112.0,57.7,59.3,23.3,338.0,-46.0,0.26,2726.0,12304.4,2.9,1882.0,,0.3,0.7,,95.7,2.4,7.8,,4.0,8.0,18.0,40.7,,7.5,16.4,95.9,93.8,,20.8,-0.87,21.3,5.4,11.4,,5.0,,11.9,,51.0,2.0,62.910637,78.45262833333335,4.766872666666667
Thailand,2006,2441.0,113.0,59.3,59.7,23.7,349.0,-41.7,0.26,2762.0,12837.9,2.83,1884.0,0.2,0.3,0.7,,93.0,2.7,7.0,,4.1,14.5,25.0,41.5,4.7,7.7,16.2,96.3,94.1,,21.2,-1.13,21.4,,11.2,,5.4,,10.6,,50.0,2.0,65.90368824999999,82.09084875,4.759274499999999
Thailand,2007,2443.0,113.0,59.7,58.7,23.3,361.0,-47.6,0.26,2767.0,13460.1,2.89,1885.0,,0.3,0.7,,90.8,2.8,6.7,,4.1,15.1,42.0,41.9,,7.9,16.0,96.7,94.4,,21.5,-1.11,21.6,,11.0,,5.7,,10.2,0.9,50.0,2.0,68.72234108333333,83.93094875000001,4.278901
Thailand,2008,2445.0,112.0,59.3,58.0,22.7,373.0,-50.1,0.25,2737.0,13620.5,2.72,1887.0,,0.3,0.6,,89.0,3.1,7.1,,4.1,16.0,41.0,41.7,,8.1,15.7,97.0,94.8,,21.9,-1.27,21.6,,10.9,,6.1,,10.6,,49.0,2.0,74.35092716666666,88.52070408333333,8.165791833333332
Thailand,2009,2446.0,112.0,58.3,58.0,22.3,374.0,-45.7,0.25,2734.0,13458.5,2.69,1888.0,,0.3,0.6,,87.5,3.3,6.9,,4.1,12.2,40.0,41.2,,8.3,15.3,97.4,95.1,,22.2,-1.42,21.7,15.1,10.9,,6.5,,10.4,,50.0,2.0,79.29053641666667,87.74855133333334,6.720350666666665
Thailand,2010,2447.0,112.0,58.7,58.7,23.0,386.0,-43.1,0.25,2736.0,14399.0,2.72,1888.0,,0.3,0.6,,86.0,3.6,6.7,,4.1,12.9,50.0,40.8,,8.4,14.9,97.7,95.4,,22.6,-1.44,21.8,,10.8,,7.0,,10.0,0.9,49.0,3.0,82.84047183333334,90.62646558333334,4.471065583333332
Thailand,2011,2446.0,112.0,59.0,59.3,23.7,403.0,-33.3,0.25,2755.0,14450.5,2.73,1888.0,,0.3,0.6,,84.5,3.8,6.2,,4.1,9.5,52.0,40.0,,8.6,14.4,98.0,95.7,,22.9,-1.13,22.0,,10.8,,7.4,,9.2,0.9,49.0,3.0,87.74755316666666,94.07823791666665,5.903815416666666
Thailand,2012,2446.0,113.0,58.7,59.7,24.0,418.0,-29.4,0.24,2755.0,15424.5,2.77,1887.0,0.3,0.3,0.6,,82.8,4.1,6.0,,4.1,9.0,31.0,39.2,6.7,8.7,13.9,98.4,96.1,,23.2,-1.22,22.1,12.3,10.8,,7.9,,8.8,,49.0,3.0,92.00170524999999,96.91460216666667,4.894220916666668
Thailand,2013,2446.0,113.0,58.3,60.3,24.3,419.0,-43.7,0.24,2765.0,15767.4,2.73,1887.0,,0.3,0.5,,80.9,4.4,5.6,,4.1,19.0,17.0,38.4,,8.8,13.5,98.7,96.4,,23.6,-1.31,22.3,,10.7,,8.4,,8.2,,49.0,3.0,95.13638208333334,99.03207608333337,3.4144318333333334
Thailand,2014,2446.0,114.0,59.3,60.7,24.3,404.0,-57.7,0.23,2772.0,15854.1,2.73,1887.0,,0.3,0.5,,78.8,4.7,5.3,,4.1,18.9,13.0,38.2,,8.9,13.1,99.0,96.8,,23.9,-0.91,22.5,,10.6,,8.9,,7.7,,49.0,3.0,98.87942166666666,100.90887408333333,3.9370196666666675
Thailand,2015,2446.0,114.0,61.7,61.3,25.0,386.0,-67.8,0.23,2780.0,16285.4,2.73,1887.0,,0.3,0.5,10.4,76.3,5.0,5.0,2.9,4.1,16.9,11.0,38.2,,9.0,12.9,99.0,97.1,,24.3,-0.99,22.7,23.0,10.5,15.1,9.4,4.2,7.3,0.7,49.0,3.0,100.00182158333332,100.0002655,1.13904825
Thailand,2016,2446.0,113.0,64.7,61.7,25.7,249.0,-70.6,0.23,2775.0,16782.1,2.73,1887.0,0.2,0.3,0.5,13.6,,5.4,5.1,4.0,4.1,19.9,14.0,38.2,5.4,9.1,12.8,99.0,97.5,,24.6,-0.99,23.0,,,19.7,10.0,5.8,7.5,0.7,48.0,4.0,101.61047316666667,100.18841583333334,1.60806575
Thailand,2017,2445.0,113.0,65.7,62.3,26.7,122.0,-74.1,0.24,2775.0,17423.0,2.73,1885.0,,0.3,0.5,17.2,,,5.4,5.0,4.1,28.6,13.0,38.2,,9.1,12.7,99.0,97.8,,24.9,-0.75,23.3,,,24.8,,7.2,7.7,0.8,48.0,3.0,101.61033474999999,100.85530175000001,0.006506333333333339
Thailand,2018,2444.0,114.0,,,,,,0.24,2786.0,18095.7,2.73,1884.0,,0.3,0.5,18.3,,,5.5,5.4,4.2,,13.0,,,9.2,12.6,99.0,98.1,,25.3,-0.79,23.7,,,26.4,,7.7,7.9,,,3.0,102.02175866666666,101.92829883333333,0.40492791666666667
Thailand,2019,2444.0,115.0,,,,,,0.24,2806.0,18453.5,2.73,1884.0,0.3,0.3,0.5,20.8,,,5.7,5.9,4.2,,13.0,,7.7,9.2,12.4,99.0,98.4,,25.6,-0.54,24.0,,,29.8,,8.5,8.2,,,,104.38374558333338,102.64865524999999,2.315715583333333
Thailand,2020,2443.0,,,,,,,0.26,,17286.9,2.73,1883.0,,0.3,0.4,,,,,,,,,,,9.2,12.3,99.0,98.7,,25.9,,,,,,,,,,,,105.66461458333333,101.78031225,1.2302154166666666
Viet Nam,2000,2237.0,,,,,,,0.26,,2955.0,2.94,1742.0,0.4,0.2,3.0,,130.1,0.3,,,5.9,,51.0,,6.1,2.4,41.8,80.5,51.9,,,0.41,27.3,22.0,9.2,,0.6,,,1.0,,,26.36446166666667,33.300455916666664,
Viet Nam,2001,2253.0,103.0,41.0,56.0,15.3,209.0,-12.0,0.26,2328.0,3105.6,2.99,1752.0,,0.2,2.7,,126.4,0.4,15.9,,5.8,2.9,53.0,58.4,,2.5,39.8,81.4,53.9,,,,25.9,,9.1,,0.7,,19.7,0.7,69.0,5.0,25.69532375,33.15674958333333,-2.530146583333333
Viet Nam,2002,2264.0,106.0,43.7,58.3,16.3,219.0,-11.7,0.27,2388.0,3269.9,3.02,1759.0,0.6,0.2,2.5,,124.2,0.4,14.7,,5.6,2.7,58.0,59.0,8.9,2.5,38.0,82.2,55.8,,,0.35,24.5,15.5,8.9,,0.7,,18.0,0.8,69.0,4.0,26.508756916666666,34.393126333333335,3.169549083333333
Viet Nam,2003,2272.0,108.0,46.3,60.7,18.0,230.0,-10.9,0.27,2449.0,3462.9,3.11,1764.0,0.7,0.2,2.4,,123.1,0.4,13.4,,5.4,3.6,24.0,61.3,10.9,2.6,36.1,83.1,57.8,,,0.13,23.2,,8.8,,0.8,,16.3,0.8,68.0,4.0,27.178685416666664,35.50562283333333,2.5348580833333334
Viet Nam,2004,2280.0,109.0,49.4,63.0,19.7,238.0,-13.1,0.27,2485.0,3689.7,3.15,1769.0,0.7,0.2,2.3,,123.0,0.5,13.0,,5.2,4.0,15.0,65.9,11.3,2.8,34.4,83.9,59.7,,,0.15,22.0,,8.7,,0.9,,15.7,0.8,66.0,4.0,30.577242916666666,38.259065666666665,12.53350725
Viet Nam,2005,2289.0,110.0,53.4,64.0,21.0,245.0,-13.1,0.28,2509.0,3931.8,3.27,1775.0,0.7,0.2,2.2,,123.5,0.5,13.0,,5.0,4.3,19.0,69.8,10.7,2.9,32.9,84.8,61.6,,,0.48,20.9,,8.6,,0.9,,15.5,1.0,64.0,4.0,33.993396,41.4286655,11.240448666666666
Viet Nam,2006,2293.0,110.0,57.4,65.7,22.3,252.0,-12.5,0.28,2533.0,4167.1,3.25,1778.0,0.7,0.2,2.2,,124.6,0.6,12.9,,4.8,2.9,22.0,72.5,9.9,3.0,31.6,85.6,63.6,,,0.4,19.9,16.1,8.6,,1.0,,15.3,1.0,63.0,5.0,36.93270166666666,44.50185099999999,8.663434166666667
Viet Nam,2007,2299.0,112.0,61.0,67.7,24.0,260.0,-11.2,0.28,2582.0,4422.3,3.34,1782.0,0.7,0.2,2.1,,126.2,0.6,12.1,,4.6,1.1,38.0,72.9,10.1,3.2,30.4,86.4,65.6,,,0.25,18.9,,8.5,,1.1,,14.1,1.0,62.0,5.0,41.08506008333333,48.21528508333333,11.200887833333333
Viet Nam,2008,2304.0,114.0,64.4,70.7,26.3,267.0,-10.9,0.28,2634.0,4628.0,3.34,1786.0,0.7,0.2,2.1,,128.0,0.7,11.1,,4.5,1.4,40.0,73.0,9.7,3.4,29.4,87.3,67.5,,,0.16,18.1,,8.5,,1.2,,12.9,1.0,61.0,6.0,56.2464355,59.3604645,36.79060925000001
Viet Nam,2009,2307.0,116.0,67.0,73.3,28.0,273.0,-10.7,0.29,2678.0,4830.3,3.45,1788.0,0.5,0.3,2.0,,129.7,0.8,10.3,,4.4,1.9,35.0,72.6,7.1,3.5,28.5,88.1,69.4,,,0.27,17.5,,8.5,,1.3,,11.8,1.0,60.0,7.0,60.946299833333335,63.347696833333345,9.030704083333333
Viet Nam,2010,2309.0,118.0,69.7,75.7,29.7,278.0,-11.0,0.28,2710.0,5089.4,3.44,1790.0,0.3,0.3,2.0,,131.0,0.9,9.7,,4.3,1.9,15.0,72.0,4.1,3.7,27.6,88.9,71.3,,,0.15,17.2,17.0,8.5,,1.4,,11.0,0.8,60.0,8.0,67.50421216666668,69.18041458333333,10.73475475
Viet Nam,2011,2309.0,120.0,70.3,78.0,30.3,288.0,-12.2,0.28,2755.0,5352.0,3.45,1790.0,0.5,0.3,2.0,,131.7,0.9,8.9,,4.3,2.7,14.0,71.6,6.6,4.0,26.8,89.7,73.3,,,0.19,17.0,,8.4,,1.5,,10.0,0.7,59.0,8.0,85.52037066666666,82.10174733333334,26.6423995
Viet Nam,2012,2308.0,121.0,71.3,79.7,31.0,296.0,-12.6,0.28,2789.0,5574.5,3.58,1790.0,0.5,0.3,1.9,,131.8,1.0,8.4,,4.3,2.8,10.0,71.6,6.7,4.2,25.9,90.4,75.2,,,0.27,17.0,,8.4,,1.6,,9.3,0.7,58.0,8.0,92.27338441666666,89.56865775,8.389524833333335
Viet Nam,2013,2307.0,122.0,72.7,83.4,32.0,302.0,-10.3,0.28,2819.0,5815.2,3.58,1789.0,0.5,0.3,1.9,,131.5,1.1,7.9,,4.4,5.3,12.0,71.7,6.6,4.4,25.7,91.2,77.0,,,0.25,17.2,24.0,8.3,,1.7,,8.7,0.7,57.0,7.0,94.75282708333333,95.47362791666666,2.6918884999999997
Viet Nam,2014,2305.0,123.0,75.4,87.7,34.4,304.0,-5.8,0.28,2828.0,6098.5,3.58,1789.0,0.5,0.4,1.9,,130.9,1.2,7.8,,4.5,5.3,9.0,69.6,6.8,4.6,25.0,92.4,78.9,,,-0.02,17.5,,8.3,,1.8,,8.5,1.0,56.0,6.0,98.542951,99.37330016666665,4.007883333333335
Viet Nam,2015,2303.0,124.0,78.0,92.0,36.3,303.0,0.9,0.28,2847.0,6438.3,3.58,1788.0,0.5,0.4,1.9,0.0,129.9,1.3,7.5,0.0,4.6,5.2,10.0,67.6,6.4,4.9,24.4,93.3,80.8,,,0.07,18.0,,8.2,0.0,2.0,0.0,8.1,1.0,55.0,6.0,100.00024691666668,100.00054558333333,1.4826798333333333
Viet Nam,2016,2302.0,125.0,80.4,94.3,37.3,201.0,4.9,0.28,2864.0,6767.8,3.58,1787.0,,0.4,1.8,0.0,,1.4,7.3,0.0,4.7,4.1,18.0,65.7,,5.1,23.9,94.1,82.6,,,0.23,18.5,,,0.0,2.1,0.0,7.8,0.8,54.0,6.0,102.36362391666667,102.66880816666668,2.3631803333333337
Viet Nam,2017,2299.0,126.0,83.4,96.0,37.7,99.0,8.3,0.28,2892.0,7155.4,3.58,1785.0,0.4,0.4,1.8,5.9,,,6.8,0.4,4.9,6.7,18.0,65.8,5.8,5.3,23.6,94.8,84.3,,,0.29,19.1,,,6.2,,0.5,7.2,0.7,53.0,6.0,101.25854866666667,106.283014,-1.0726094166666664
Viet Nam,2018,2297.0,127.0,,,,,,0.28,2915.0,7585.9,3.58,1784.0,,0.4,1.8,6.0,,,6.5,0.4,5.1,,14.0,,,5.6,23.0,95.5,86.0,,,0.11,19.8,,,6.2,,0.5,6.8,0.7,,5.0,104.53662833333333,110.04503725000002,3.2546765
Viet Nam,2019,2295.0,127.0,,,,,,0.28,2921.0,8041.2,3.58,1783.0,,0.5,1.8,6.2,,,6.5,0.5,5.3,,22.0,,,5.8,22.7,96.2,87.7,,,0.13,20.6,,,6.5,,0.5,6.7,,,,108.79717516666669,113.12170258333333,4.078946833333333
Viet Nam,2020,2294.0,,,,,,,0.29,,8200.3,3.58,1782.0,,0.5,1.8,,,,,,,,,,,6.0,22.3,96.9,89.2,,,,,,,,,,,,,,119.62833183333333,116.76527841666666,10.02097525
